customer_id,age,gender,marital_status,education_level,employment_status,account_balance,credit_score,transaction_count,last_transaction_date
1,77,Female,married,college,employed,Pound,451,306,7/18/2020
2,35,Male,divorced,college,self-employed,Peso,668,539,7/31/2021
3,22,Female,married,college,self-employed,Cordoba,571,245,7/10/2022
4,69,Male,divorced,high school,employed,Krona,353,954,9/14/2021
5,35,Female,single,high school,employed,Dollar,418,950,5/25/2012
6,52,Bigender,married,college,self-employed,Won,802,336,9/10/2018
7,32,Agender,divorced,college,employed,Krona,838,280,1/28/2013
8,68,Male,single,high school,self-employed,Ruble,746,369,4/9/2022
9,85,Bigender,married,high school,unemployed,Yuan Renminbi,546,960,11/13/2015
10,78,Male,single,college,unemployed,Ruble,559,744,8/1/2022
11,76,Polygender,divorced,high school,self-employed,Euro,728,824,1/10/2011
12,25,Female,married,high school,self-employed,Yuan Renminbi,723,899,7/15/2019
13,69,Male,married,graduate,employed,Krona,742,11,4/22/2015
14,60,Female,married,graduate,employed,Koruna,478,704,1/10/2020
15,60,Genderfluid,single,college,employed,Euro,762,695,1/23/2021
16,38,Female,divorced,graduate,employed,Euro,550,905,6/23/2016
17,76,Male,married,high school,employed,Yuan Renminbi,653,440,8/13/2014
18,51,Male,divorced,graduate,unemployed,Euro,480,513,11/30/2011
19,32,Female,single,high school,employed,Yuan Renminbi,502,972,2/25/2011
20,22,Male,single,college,self-employed,Yuan Renminbi,694,15,4/8/2020
21,50,Female,divorced,graduate,self-employed,Rupiah,446,945,2/13/2017
22,63,Female,single,graduate,self-employed,Yuan Renminbi,637,72,9/20/2012
23,59,Female,single,college,unemployed,Franc,844,856,7/22/2011
24,38,Female,married,college,employed,Naira,821,600,10/2/2022
25,48,Agender,single,high school,employed,Yuan Renminbi,332,750,1/31/2016
26,20,Male,married,high school,unemployed,Euro,748,544,3/29/2021
27,52,Non-binary,divorced,graduate,self-employed,Rupee,688,137,5/4/2022
28,62,Female,married,graduate,employed,Dollar,792,501,7/26/2015
29,53,Female,married,graduate,self-employed,Rupiah,775,28,12/19/2013
30,74,Male,divorced,high school,self-employed,Yuan Renminbi,833,679,11/22/2016
31,58,Genderqueer,single,graduate,unemployed,Rial,802,596,10/20/2011
32,36,Male,divorced,high school,unemployed,Zloty,359,975,5/18/2010
33,69,Female,married,college,self-employed,Yuan Renminbi,664,370,11/27/2022
34,73,Genderfluid,married,high school,self-employed,Rupiah,586,333,9/30/2011
35,85,Female,married,high school,employed,Peso,824,672,2/2/2011
36,81,Male,married,college,unemployed,Euro,693,227,8/29/2020
37,55,Polygender,divorced,high school,employed,Peso,790,621,10/22/2017
38,70,Female,divorced,college,unemployed,Ruble,604,908,5/11/2016
39,27,Female,divorced,college,self-employed,Rupiah,762,163,8/17/2021
40,77,Male,married,graduate,unemployed,Peso,574,1,5/14/2012
41,59,Female,married,high school,employed,Zloty,389,179,1/9/2016
42,80,Female,single,graduate,unemployed,Ruble,537,327,3/20/2022
43,51,Male,single,graduate,employed,Sol,455,989,6/22/2022
44,51,Female,single,college,employed,Rupiah,555,425,6/28/2014
45,73,Female,married,high school,employed,Lempira,494,921,5/18/2013
46,85,Female,married,graduate,self-employed,Ruble,564,797,4/28/2010
47,40,Non-binary,single,high school,unemployed,Euro,314,724,1/9/2020
48,48,Female,married,college,unemployed,Peso,798,129,8/11/2019
49,31,Male,married,high school,unemployed,Peso,623,844,1/29/2020
50,28,Male,single,graduate,self-employed,Ruble,511,709,8/3/2021
51,39,Female,married,college,self-employed,Yuan Renminbi,670,896,12/3/2011
52,83,Female,married,graduate,self-employed,Koruna,794,867,11/3/2022
53,37,Female,divorced,college,self-employed,Sol,567,603,9/4/2012
54,38,Male,married,college,self-employed,Zloty,560,867,4/12/2015
55,36,Male,divorced,graduate,self-employed,Sol,744,823,6/28/2013
56,23,Female,married,graduate,unemployed,Euro,502,12,2/24/2011
57,26,Female,single,high school,unemployed,Yuan Renminbi,348,607,12/28/2012
58,24,Female,single,college,employed,Quetzal,673,895,6/30/2012
59,66,Male,single,college,self-employed,Peso,671,463,10/12/2013
60,50,Female,divorced,graduate,unemployed,Yuan Renminbi,589,61,7/22/2017
61,56,Non-binary,divorced,college,unemployed,Real,664,686,7/14/2018
62,33,Female,divorced,high school,self-employed,Peso,562,732,8/20/2010
63,35,Male,divorced,graduate,self-employed,Peso,588,399,8/3/2012
64,30,Female,divorced,high school,unemployed,Euro,696,670,3/5/2017
65,77,Male,divorced,high school,unemployed,Yuan Renminbi,786,66,10/18/2021
66,54,Female,divorced,college,unemployed,Zloty,434,221,4/29/2012
67,78,Male,divorced,college,self-employed,Rupiah,426,558,1/22/2021
68,45,Male,married,high school,employed,Rupiah,536,528,12/9/2015
69,34,Female,single,graduate,employed,Real,575,369,11/5/2018
70,28,Male,divorced,graduate,employed,Yuan Renminbi,766,821,2/2/2016
71,37,Female,single,high school,unemployed,Yuan Renminbi,548,337,8/12/2019
72,64,Male,married,graduate,employed,Dollar,337,293,5/31/2012
73,66,Male,single,graduate,employed,Real,678,431,8/19/2020
74,21,Female,single,graduate,unemployed,Yuan Renminbi,448,338,7/25/2021
75,28,Female,divorced,high school,self-employed,Euro,489,673,3/1/2018
76,34,Female,single,graduate,self-employed,Ruble,846,853,12/19/2015
77,55,Female,married,high school,unemployed,Peso,666,81,3/28/2022
78,38,Female,single,high school,self-employed,Dollar,685,620,9/18/2010
79,25,Male,married,high school,unemployed,Koruna,471,77,5/8/2013
80,31,Male,divorced,high school,self-employed,Krona,805,945,12/30/2013
81,37,Female,single,high school,self-employed,Rupiah,665,186,10/7/2017
82,30,Agender,married,college,unemployed,Euro,478,400,1/8/2013
83,68,Female,single,graduate,employed,Rupiah,547,252,1/27/2021
84,28,Female,divorced,graduate,unemployed,Ruble,711,832,1/17/2019
85,71,Female,single,high school,employed,Rial,765,632,12/19/2011
86,23,Female,divorced,high school,self-employed,Yuan Renminbi,600,855,11/28/2022
87,40,Male,married,graduate,self-employed,Peso,658,30,2/12/2016
88,70,Female,single,high school,unemployed,Rupee,649,149,9/5/2011
89,23,Male,married,college,self-employed,Peso,328,646,7/28/2022
90,68,Female,single,graduate,self-employed,Euro,425,401,2/1/2015
91,59,Male,married,graduate,self-employed,Yuan Renminbi,748,693,5/1/2012
92,54,Male,divorced,college,self-employed,Dollar,694,661,10/7/2020
93,32,Female,divorced,college,self-employed,Real,522,266,12/2/2021
94,19,Female,married,high school,unemployed,Dollar,598,756,2/13/2014
95,33,Female,single,high school,self-employed,Euro,593,973,7/13/2010
96,85,Female,single,college,employed,Quetzal,543,276,2/24/2010
97,45,Male,single,high school,unemployed,Rupiah,740,295,6/4/2013
98,19,Male,married,college,unemployed,Koruna,468,52,2/4/2022
99,29,Male,married,college,unemployed,Yuan Renminbi,846,127,10/21/2016
100,49,Male,married,graduate,self-employed,Yuan Renminbi,647,524,6/12/2015
101,32,Female,single,college,self-employed,Dollar,653,23,10/23/2012
102,27,Bigender,divorced,high school,employed,Pound,698,599,11/26/2015
103,61,Male,single,college,employed,Yuan Renminbi,421,922,1/2/2015
104,35,Female,divorced,graduate,employed,Rupiah,388,659,1/10/2020
105,76,Male,divorced,graduate,self-employed,Ruble,663,642,4/15/2016
106,60,Female,married,high school,unemployed,Krone,541,430,7/16/2014
107,23,Male,single,high school,self-employed,Krona,419,951,9/21/2012
108,70,Male,single,graduate,employed,Rupiah,683,151,5/21/2016
109,41,Non-binary,single,graduate,employed,Peso,504,266,8/10/2012
110,20,Male,single,college,self-employed,Peso,629,284,12/24/2010
111,85,Male,single,graduate,self-employed,Rupiah,795,965,7/25/2011
112,57,Female,single,high school,employed,Rupiah,328,475,3/10/2016
113,59,Female,single,graduate,employed,Dollar,549,124,8/24/2015
114,52,Male,single,high school,unemployed,Ruble,414,135,10/29/2017
115,38,Female,single,college,unemployed,Koruna,793,351,5/7/2020
116,80,Male,divorced,college,self-employed,Zloty,580,134,10/8/2019
117,71,Male,married,graduate,self-employed,Yuan Renminbi,339,288,3/19/2016
118,74,Female,divorced,high school,self-employed,Ruble,463,810,9/28/2017
119,75,Female,married,graduate,unemployed,Yen,495,993,3/31/2011
120,33,Male,divorced,college,employed,Rupiah,568,746,2/26/2016
121,33,Female,single,college,self-employed,Euro,428,150,8/27/2022
122,23,Female,divorced,graduate,self-employed,Yuan Renminbi,548,54,6/9/2018
123,61,Male,single,graduate,self-employed,Hryvnia,702,759,7/25/2013
124,25,Female,divorced,graduate,self-employed,Yuan Renminbi,309,588,10/3/2018
125,72,Male,divorced,college,employed,Yuan Renminbi,468,990,12/2/2019
126,44,Female,married,high school,unemployed,Euro,686,320,9/6/2011
127,25,Female,divorced,graduate,employed,Yuan Renminbi,761,339,7/27/2022
128,19,Male,single,college,unemployed,Real,674,911,5/9/2015
129,34,Female,single,college,unemployed,Rupiah,811,991,7/28/2011
130,57,Male,married,high school,employed,Sol,452,988,7/3/2012
131,70,Female,single,graduate,employed,Yuan Renminbi,337,619,10/24/2020
132,54,Non-binary,married,college,self-employed,Rupiah,491,812,8/25/2012
133,43,Male,married,college,self-employed,Rupiah,824,648,11/14/2018
134,73,Female,single,college,self-employed,Dollar,387,889,10/26/2015
135,45,Male,divorced,college,self-employed,Sol,624,719,8/25/2016
136,68,Female,single,high school,employed,Leone,462,832,6/6/2015
137,20,Male,divorced,high school,unemployed,Hryvnia,711,532,3/28/2014
138,76,Female,single,graduate,self-employed,Yuan Renminbi,516,590,3/8/2021
139,39,Female,divorced,graduate,unemployed,Krona,567,716,11/25/2020
140,48,Female,divorced,high school,employed,Ruble,422,109,4/26/2015
141,44,Male,divorced,graduate,unemployed,Peso,568,849,12/26/2020
142,71,Bigender,single,college,unemployed,Peso,530,805,3/2/2013
143,33,Male,married,college,employed,Hryvnia,777,857,3/28/2017
144,22,Male,single,college,self-employed,Yuan Renminbi,344,48,2/3/2012
145,55,Female,married,college,employed,Lilangeni,720,345,8/22/2015
146,47,Female,divorced,high school,unemployed,Rand,410,717,10/26/2017
147,39,Genderqueer,divorced,graduate,employed,Dollar,626,247,11/2/2016
148,64,Female,married,college,unemployed,Ruble,344,995,12/13/2019
149,35,Male,married,high school,employed,Yuan Renminbi,546,472,6/29/2016
150,64,Male,married,college,unemployed,Peso,549,294,8/27/2016
151,80,Female,married,high school,employed,Yuan Renminbi,456,283,6/27/2014
152,32,Male,single,graduate,self-employed,Yuan Renminbi,499,30,1/8/2018
153,50,Male,single,college,unemployed,Yen,331,536,12/29/2020
154,20,Female,single,high school,employed,Peso,680,193,4/21/2012
155,73,Male,married,high school,unemployed,Peso,384,89,3/17/2013
156,82,Non-binary,married,college,self-employed,Dollar,634,106,5/27/2020
157,67,Female,divorced,graduate,unemployed,Euro,752,772,11/27/2020
158,70,Female,single,high school,unemployed,Lilangeni,393,850,12/3/2015
159,63,Genderfluid,married,college,employed,Yen,564,380,4/17/2010
160,52,Male,single,graduate,employed,Naira,304,461,2/4/2021
161,56,Male,single,college,unemployed,Real,612,202,2/14/2012
162,32,Male,married,college,employed,Pula,628,68,12/7/2018
163,21,Non-binary,married,high school,unemployed,Euro,613,91,7/18/2010
164,53,Female,married,graduate,unemployed,Franc,508,266,7/14/2016
165,76,Female,married,graduate,employed,Pound,619,697,11/8/2011
166,78,Male,single,graduate,employed,Ruble,422,257,11/16/2012
167,40,Male,divorced,graduate,unemployed,Euro,632,235,10/14/2015
168,58,Male,divorced,college,unemployed,Colon,302,109,10/7/2015
169,72,Female,single,graduate,unemployed,Won,512,49,9/17/2021
170,28,Female,married,graduate,unemployed,Yuan Renminbi,785,518,9/30/2015
171,60,Male,single,college,employed,Rupiah,545,240,12/25/2012
172,82,Agender,divorced,college,employed,Peso,324,196,9/16/2021
173,55,Male,divorced,graduate,self-employed,Koruna,326,374,7/23/2020
174,19,Male,divorced,high school,employed,Dollar,771,209,10/3/2015
175,28,Non-binary,divorced,college,employed,Ruble,829,103,10/16/2018
176,59,Female,single,graduate,unemployed,Yuan Renminbi,350,642,7/29/2010
177,75,Male,divorced,graduate,self-employed,Peso,587,692,12/27/2018
178,44,Female,divorced,college,employed,Krona,371,449,5/17/2012
179,32,Male,married,graduate,employed,Euro,643,814,8/11/2010
180,43,Female,single,college,unemployed,Yuan Renminbi,348,620,4/8/2015
181,63,Female,single,college,self-employed,Ruble,781,187,6/6/2010
182,71,Female,married,graduate,unemployed,Pound,687,60,2/22/2016
183,55,Female,single,graduate,unemployed,Dollar,373,497,11/15/2016
184,41,Male,single,college,self-employed,Euro,478,595,3/25/2018
185,29,Male,single,high school,employed,Rand,421,97,5/17/2022
186,51,Female,married,high school,employed,Yen,551,669,6/5/2019
187,69,Female,single,college,employed,Yuan Renminbi,403,727,4/20/2015
188,59,Agender,divorced,college,unemployed,Zloty,602,761,12/27/2016
189,35,Female,married,high school,unemployed,Euro,751,788,4/8/2015
190,39,Male,single,high school,unemployed,Rupiah,309,739,10/24/2020
191,28,Male,single,college,employed,Yuan Renminbi,548,211,5/1/2014
192,71,Male,single,high school,unemployed,Krona,546,204,10/24/2012
193,45,Male,married,college,employed,Rupiah,838,6,1/31/2020
194,54,Male,divorced,college,self-employed,Yuan Renminbi,671,925,7/11/2010
195,45,Male,married,college,employed,Shilling,368,249,12/27/2022
196,53,Male,single,graduate,unemployed,Yuan Renminbi,399,824,12/16/2017
197,83,Female,married,graduate,self-employed,Koruna,473,557,7/23/2019
198,21,Male,married,high school,unemployed,Peso,731,63,7/25/2019
199,68,Male,single,high school,unemployed,Dollar,586,538,4/11/2021
200,81,Female,married,college,self-employed,Peso,701,42,5/12/2022
201,78,Female,single,graduate,employed,Peso,608,738,8/31/2022
202,31,Female,single,graduate,employed,Ruble,477,48,4/14/2015
203,37,Male,married,graduate,employed,Yuan Renminbi,627,921,10/28/2020
204,18,Female,single,college,unemployed,Dollar,681,205,12/14/2016
205,44,Male,married,college,employed,Peso,746,601,12/15/2011
206,48,Male,divorced,college,unemployed,Zloty,530,633,1/24/2020
207,79,Male,single,graduate,self-employed,Yuan Renminbi,643,17,9/11/2022
208,77,Female,married,college,unemployed,Dollar,694,11,6/16/2020
209,49,Female,single,college,unemployed,Rupiah,747,160,11/25/2016
210,69,Female,married,college,employed,Franc,529,661,1/20/2012
211,68,Male,married,high school,self-employed,Peso,391,820,3/5/2015
212,81,Male,single,college,employed,Leone,363,201,8/19/2019
213,81,Male,married,college,self-employed,Shekel,840,969,10/26/2016
214,79,Female,divorced,high school,employed,Zloty,722,794,2/12/2013
215,83,Genderqueer,single,graduate,unemployed,Euro,436,869,3/17/2014
216,75,Bigender,single,college,self-employed,Dollar,386,302,11/6/2020
217,29,Female,single,high school,self-employed,Dollar,605,34,10/16/2011
218,61,Male,married,graduate,employed,Zloty,319,10,2/6/2016
219,85,Non-binary,married,graduate,employed,Yuan Renminbi,368,275,11/9/2017
220,45,Male,single,graduate,employed,Yuan Renminbi,639,178,8/31/2011
221,40,Female,single,college,unemployed,Rupiah,475,458,4/14/2016
222,23,Female,divorced,college,unemployed,Dollar,697,216,8/1/2020
223,59,Female,single,college,self-employed,Manat,628,3,7/9/2020
224,76,Female,single,graduate,unemployed,Euro,776,316,6/1/2015
225,51,Male,divorced,graduate,self-employed,Ruble,790,211,9/18/2021
226,54,Male,married,high school,self-employed,Yuan Renminbi,507,521,5/20/2011
227,25,Male,single,college,self-employed,Rupiah,797,911,6/18/2020
228,70,Female,divorced,high school,unemployed,Yuan Renminbi,776,943,12/2/2013
229,20,Male,married,high school,employed,Krona,558,580,11/7/2010
230,25,Bigender,single,graduate,unemployed,Koruna,374,878,6/30/2012
231,20,Male,married,high school,employed,Ruble,795,32,9/21/2017
232,54,Female,married,college,unemployed,Naira,308,539,3/26/2018
233,80,Male,single,high school,employed,Dong,534,826,8/19/2013
234,52,Agender,married,graduate,employed,Yuan Renminbi,626,524,9/24/2014
235,24,Male,single,graduate,self-employed,Euro,641,217,11/5/2021
236,53,Bigender,divorced,high school,employed,Rial,726,435,7/25/2021
237,77,Female,single,college,self-employed,Peso,820,115,3/13/2021
238,69,Male,single,college,self-employed,Dollar,365,953,8/5/2020
239,70,Male,divorced,college,self-employed,Yuan Renminbi,314,559,6/17/2021
240,35,Genderqueer,divorced,high school,employed,Euro,392,712,8/21/2018
241,45,Female,single,graduate,self-employed,Peso,367,866,11/1/2013
242,52,Male,married,high school,self-employed,Yuan Renminbi,568,145,2/2/2015
243,33,Male,single,graduate,employed,Yuan Renminbi,488,587,5/13/2017
244,42,Female,married,high school,self-employed,Euro,643,558,12/29/2022
245,73,Female,divorced,high school,unemployed,Lev,384,434,2/19/2014
246,73,Male,single,graduate,self-employed,Yuan Renminbi,756,193,6/14/2013
247,71,Male,single,graduate,employed,Yuan Renminbi,786,341,12/7/2016
248,19,Female,single,high school,employed,Yuan Renminbi,577,472,4/21/2015
249,61,Male,single,graduate,employed,Gourde,431,209,6/28/2018
250,39,Male,single,high school,self-employed,Yuan Renminbi,559,102,2/2/2020
251,74,Male,married,college,unemployed,Shilling,455,625,2/3/2022
252,20,Bigender,divorced,college,employed,Litas,316,439,7/12/2013
253,18,Male,married,college,employed,Shilling,417,780,7/3/2015
254,68,Female,single,high school,self-employed,Yuan Renminbi,404,71,1/3/2017
255,72,Male,single,high school,self-employed,Zloty,394,230,10/22/2013
256,68,Female,married,graduate,unemployed,Franc,741,19,11/24/2011
257,78,Female,married,graduate,employed,Euro,758,5,9/29/2015
258,84,Female,single,high school,unemployed,Lek,693,376,8/5/2019
259,53,Male,divorced,graduate,self-employed,Zloty,655,507,11/25/2019
260,50,Male,married,graduate,unemployed,Ruble,760,775,8/4/2014
261,62,Male,married,graduate,employed,Yuan Renminbi,332,703,1/12/2017
262,70,Male,married,high school,self-employed,Dinar,578,231,12/5/2020
263,83,Female,single,high school,employed,Yuan Renminbi,795,633,11/19/2014
264,51,Female,single,high school,self-employed,Yuan Renminbi,340,741,5/20/2021
265,41,Male,married,high school,self-employed,Marka,796,119,10/16/2021
266,28,Female,single,graduate,self-employed,Yuan Renminbi,738,698,10/17/2010
267,75,Female,divorced,graduate,employed,Yen,609,240,9/18/2013
268,66,Genderfluid,single,graduate,unemployed,Euro,586,556,8/10/2016
269,59,Male,divorced,high school,self-employed,Peso,308,693,3/17/2016
270,68,Male,divorced,graduate,unemployed,Ariary,693,0,9/22/2010
271,25,Genderqueer,married,graduate,unemployed,Krone,799,109,10/23/2021
272,47,Female,single,college,employed,Ruble,427,134,3/21/2019
273,43,Male,single,high school,employed,Peso,300,839,9/7/2013
274,60,Male,married,college,self-employed,Rupiah,618,314,11/13/2021
275,76,Male,married,college,self-employed,Ruble,783,215,9/20/2017
276,27,Male,single,graduate,self-employed,Rupiah,549,790,12/4/2012
277,73,Genderqueer,single,college,employed,Dram,311,333,5/11/2014
278,41,Female,married,graduate,employed,Franc,627,742,12/10/2022
279,64,Female,married,high school,employed,Dalasi,378,7,10/20/2019
280,42,Male,married,college,self-employed,Real,655,363,11/26/2016
281,45,Male,single,college,self-employed,Baht,360,542,3/11/2022
282,56,Female,married,college,employed,Rupiah,670,132,2/8/2018
283,34,Female,married,college,employed,Sol,619,840,10/8/2010
284,31,Male,divorced,college,unemployed,Peso,305,356,8/16/2022
285,36,Bigender,single,high school,self-employed,Manat,788,301,11/11/2014
286,68,Male,divorced,graduate,self-employed,Taka,831,169,7/1/2017
287,66,Female,single,college,unemployed,Yen,478,387,3/25/2017
288,37,Male,married,college,employed,Peso,598,915,6/16/2020
289,27,Non-binary,divorced,college,unemployed,Euro,301,165,5/5/2014
290,36,Female,divorced,high school,unemployed,Yuan Renminbi,317,375,12/13/2018
291,41,Female,single,college,self-employed,Manat,380,94,2/18/2015
292,71,Female,divorced,graduate,self-employed,Yuan Renminbi,584,461,1/20/2015
293,60,Male,divorced,college,self-employed,Real,503,557,7/19/2010
294,19,Male,divorced,high school,unemployed,Yuan Renminbi,588,154,6/7/2016
295,47,Male,married,high school,employed,Rupiah,638,138,11/2/2017
296,25,Male,married,college,unemployed,Yuan Renminbi,436,700,3/31/2018
297,40,Female,divorced,high school,unemployed,Peso,723,651,3/25/2016
298,31,Bigender,single,high school,employed,Rial,744,387,12/14/2018
299,80,Female,divorced,high school,employed,Rupiah,575,934,2/3/2011
300,61,Male,divorced,college,unemployed,Shilling,406,922,5/16/2019
301,68,Male,married,college,self-employed,Yuan Renminbi,417,953,10/23/2021
302,43,Female,divorced,high school,employed,Rupiah,541,179,1/8/2015
303,33,Male,married,college,self-employed,Yuan Renminbi,550,983,1/16/2022
304,46,Male,divorced,graduate,unemployed,Yuan Renminbi,766,750,4/25/2022
305,51,Male,divorced,high school,self-employed,Dollar,446,559,7/22/2017
306,59,Female,single,high school,employed,Euro,669,615,5/30/2012
307,36,Female,single,graduate,self-employed,Baht,472,333,10/24/2010
308,35,Male,married,graduate,self-employed,Tugrik,534,850,5/21/2019
309,39,Female,married,high school,unemployed,Kwacha,667,113,3/30/2014
310,66,Female,single,high school,unemployed,Rial,311,943,8/20/2014
311,79,Male,divorced,high school,employed,Yuan Renminbi,805,531,3/28/2022
312,70,Female,divorced,college,employed,Rupiah,800,144,8/17/2022
313,85,Male,single,graduate,employed,Ruble,366,416,5/16/2020
314,53,Agender,divorced,graduate,self-employed,Euro,767,593,12/22/2014
315,31,Female,divorced,high school,self-employed,Rial,799,418,1/25/2019
316,33,Male,married,college,self-employed,Peso,525,456,2/10/2013
317,60,Male,married,college,unemployed,Baht,309,800,1/8/2020
318,65,Male,divorced,college,unemployed,Birr,441,760,12/9/2015
319,60,Male,single,high school,self-employed,Ruble,610,991,9/26/2021
320,70,Male,single,high school,employed,Euro,535,731,11/6/2021
321,49,Male,single,college,employed,Ruble,589,503,6/8/2018
322,65,Male,divorced,college,employed,Yuan Renminbi,389,995,5/11/2021
323,55,Female,single,high school,employed,Zloty,763,644,4/7/2015
324,35,Female,divorced,graduate,unemployed,Krona,639,769,2/10/2018
325,67,Female,divorced,graduate,employed,Real,687,458,1/7/2018
326,74,Male,single,high school,unemployed,Euro,774,634,10/16/2020
327,37,Female,divorced,graduate,unemployed,Krona,636,24,4/11/2020
328,26,Female,married,high school,unemployed,Yuan Renminbi,401,929,4/29/2018
329,65,Male,single,college,employed,Rupiah,728,324,7/7/2021
330,52,Female,divorced,graduate,self-employed,Euro,445,276,10/17/2013
331,33,Bigender,divorced,college,employed,Krone,606,719,2/23/2022
332,84,Male,divorced,graduate,employed,Rupiah,614,20,9/6/2011
333,63,Female,married,high school,employed,Peso,369,103,8/4/2018
334,18,Female,married,college,self-employed,Ruble,300,516,3/3/2013
335,31,Female,divorced,college,self-employed,Sol,461,350,10/23/2017
336,37,Agender,divorced,graduate,unemployed,Real,638,820,4/11/2015
337,74,Female,divorced,graduate,employed,Rupiah,711,548,12/23/2017
338,21,Male,divorced,graduate,unemployed,Dollar,504,903,10/5/2017
339,53,Female,single,graduate,unemployed,Yuan Renminbi,829,484,5/25/2011
340,22,Male,single,college,self-employed,Kwanza,335,820,7/27/2022
341,85,Male,single,graduate,employed,Yuan Renminbi,398,533,3/18/2020
342,63,Male,married,high school,employed,Sol,313,22,2/20/2015
343,32,Female,single,high school,unemployed,Rand,711,265,1/22/2020
344,64,Female,divorced,high school,self-employed,Yuan Renminbi,700,918,9/23/2016
345,49,Female,married,high school,unemployed,Euro,537,767,2/22/2020
346,46,Male,single,graduate,self-employed,Euro,689,346,8/31/2017
347,56,Male,single,college,self-employed,Koruna,481,600,8/17/2022
348,52,Female,married,high school,unemployed,Euro,605,748,1/5/2022
349,33,Male,divorced,college,employed,Ruble,585,119,2/3/2021
350,61,Male,married,high school,employed,Yuan Renminbi,443,179,9/25/2015
351,60,Polygender,married,graduate,unemployed,Zloty,485,856,2/12/2018
352,84,Female,divorced,high school,unemployed,Peso,637,537,7/15/2015
353,60,Genderqueer,married,high school,self-employed,Hryvnia,460,320,2/23/2019
354,66,Female,single,high school,employed,Euro,773,876,10/15/2012
355,42,Genderfluid,divorced,college,self-employed,Krona,701,504,7/24/2015
356,81,Polygender,divorced,college,unemployed,Quetzal,461,215,11/28/2012
357,34,Male,single,high school,employed,Pound,582,556,9/27/2017
358,59,Female,married,graduate,employed,Rupiah,305,710,1/12/2020
359,81,Genderqueer,single,college,employed,Euro,307,699,8/25/2014
360,47,Male,single,graduate,employed,Krona,762,491,7/5/2022
361,52,Male,married,college,self-employed,Yuan Renminbi,584,108,4/19/2021
362,27,Male,married,high school,employed,Krone,573,89,8/10/2020
363,58,Female,married,graduate,unemployed,Dollar,771,476,9/26/2018
364,74,Male,divorced,high school,unemployed,Peso,637,683,4/13/2021
365,60,Male,married,graduate,self-employed,Shekel,712,617,12/24/2010
366,22,Male,single,high school,unemployed,Peso,626,580,8/1/2019
367,31,Male,single,college,employed,Zloty,485,862,6/30/2019
368,22,Male,divorced,high school,employed,Sol,303,509,4/15/2014
369,21,Male,single,graduate,self-employed,Ariary,392,917,9/29/2013
370,43,Male,married,high school,employed,Euro,440,479,11/10/2015
371,71,Female,married,graduate,employed,Yuan Renminbi,734,22,7/26/2014
372,47,Male,single,high school,self-employed,Yuan Renminbi,602,746,10/22/2013
373,47,Male,single,high school,employed,Peso,713,378,1/11/2012
374,36,Female,married,college,self-employed,Dram,398,951,9/20/2021
375,45,Female,divorced,graduate,employed,Yuan Renminbi,310,482,3/6/2021
376,51,Female,single,graduate,unemployed,Rupiah,506,237,10/24/2010
377,64,Male,single,high school,self-employed,Tugrik,561,951,7/15/2011
378,75,Female,divorced,graduate,self-employed,Dinar,439,824,9/5/2016
379,82,Female,divorced,graduate,self-employed,Dollar,670,103,2/27/2012
380,84,Male,divorced,high school,unemployed,Yuan Renminbi,717,579,12/21/2014
381,66,Female,divorced,graduate,self-employed,Peso,701,285,11/12/2018
382,65,Female,single,graduate,self-employed,Peso,426,310,1/21/2010
383,56,Male,married,high school,self-employed,Lempira,831,504,1/6/2019
384,59,Male,single,college,unemployed,Dollar,655,740,10/12/2015
385,18,Male,divorced,high school,unemployed,Yuan Renminbi,399,776,4/19/2014
386,52,Male,divorced,high school,unemployed,Euro,569,839,4/20/2010
387,63,Male,divorced,high school,unemployed,Balboa,819,616,7/9/2010
388,44,Female,married,college,self-employed,Peso,797,462,7/25/2022
389,59,Polygender,divorced,graduate,employed,Krone,528,730,3/9/2013
390,84,Female,divorced,graduate,unemployed,Yuan Renminbi,786,951,11/22/2018
391,55,Female,married,high school,unemployed,Baht,384,502,4/8/2016
392,31,Female,married,college,self-employed,Afghani,657,879,5/15/2012
393,49,Female,married,graduate,unemployed,Dong,619,437,5/15/2015
394,78,Male,single,college,employed,Rupiah,435,10,6/23/2013
395,58,Male,single,college,employed,Krona,530,258,1/2/2013
396,29,Female,married,graduate,self-employed,Peso,659,621,2/24/2012
397,79,Female,married,college,employed,Yuan Renminbi,643,480,1/18/2016
398,45,Genderfluid,single,high school,self-employed,Zloty,777,372,6/26/2011
399,67,Female,divorced,college,employed,Ruble,618,94,11/29/2018
400,38,Male,single,high school,self-employed,Rupiah,572,726,11/17/2018
401,37,Male,married,graduate,self-employed,Euro,444,260,10/1/2016
402,52,Female,divorced,high school,unemployed,Euro,420,714,7/20/2022
403,32,Female,single,college,employed,Yuan Renminbi,363,321,8/25/2013
404,32,Genderfluid,single,graduate,unemployed,Real,428,949,5/10/2022
405,54,Female,divorced,graduate,unemployed,Yuan Renminbi,557,695,11/16/2018
406,26,Female,divorced,college,unemployed,Euro,538,523,9/7/2018
407,84,Female,single,college,employed,Shekel,653,185,2/20/2013
408,67,Female,divorced,high school,self-employed,Sol,502,279,5/6/2011
409,68,Male,divorced,graduate,self-employed,Euro,471,99,10/15/2017
410,48,Female,single,graduate,unemployed,Yuan Renminbi,549,386,7/2/2012
411,61,Female,single,graduate,employed,Franc,597,230,4/30/2018
412,38,Male,single,high school,self-employed,Peso,778,422,6/15/2016
413,43,Female,married,college,unemployed,Ruble,404,815,6/1/2021
414,68,Female,married,high school,self-employed,Boliviano,484,788,10/3/2022
415,82,Male,married,high school,unemployed,Dong,313,472,4/7/2014
416,77,Male,single,high school,self-employed,Rupiah,402,204,4/15/2012
417,31,Female,married,high school,self-employed,Krona,523,924,5/7/2014
418,65,Male,married,graduate,employed,Euro,547,27,10/16/2017
419,64,Female,single,graduate,self-employed,Zloty,687,821,4/11/2011
420,39,Female,single,high school,employed,Yuan Renminbi,660,817,7/6/2013
421,59,Female,married,high school,employed,Dalasi,739,579,4/30/2017
422,55,Female,single,college,employed,Rupiah,676,811,3/17/2010
423,20,Female,divorced,college,self-employed,Dollar,442,469,10/2/2019
424,83,Agender,single,college,unemployed,Yuan Renminbi,679,420,8/14/2019
425,48,Female,divorced,graduate,self-employed,Rial,736,509,6/23/2011
426,44,Female,married,college,self-employed,Peso,527,561,3/12/2012
427,41,Male,divorced,graduate,self-employed,Lev,804,286,4/17/2015
428,64,Female,divorced,graduate,employed,Afghani,555,232,9/7/2020
429,32,Male,divorced,high school,unemployed,Rupiah,326,241,11/15/2021
430,50,Female,single,high school,employed,Euro,453,351,9/12/2021
431,84,Male,single,high school,unemployed,Dollar,649,871,9/19/2022
432,31,Male,single,college,unemployed,Dollar,496,783,5/2/2012
433,18,Male,single,high school,self-employed,Yuan Renminbi,836,957,10/2/2020
434,39,Female,single,graduate,unemployed,Euro,517,298,11/7/2014
435,67,Female,divorced,high school,self-employed,Lev,383,707,5/10/2013
436,23,Agender,single,college,self-employed,Ruble,452,572,10/17/2012
437,29,Female,single,graduate,unemployed,Euro,850,844,8/21/2010
438,40,Male,divorced,high school,employed,Rupiah,802,425,12/14/2019
439,66,Male,married,high school,self-employed,Peso,462,996,8/2/2013
440,72,Non-binary,married,graduate,unemployed,Real,813,263,5/6/2010
441,49,Male,divorced,college,self-employed,Rupiah,591,471,10/27/2021
442,36,Female,single,college,self-employed,Baht,738,264,7/9/2011
443,44,Female,single,graduate,self-employed,Yuan Renminbi,462,245,8/15/2013
444,22,Male,married,graduate,self-employed,Yuan Renminbi,335,647,4/13/2014
445,49,Male,married,graduate,employed,Peso,844,917,2/19/2010
446,31,Polygender,single,high school,self-employed,Dollar,320,151,4/26/2012
447,53,Female,single,graduate,self-employed,Peso,362,339,4/11/2020
448,73,Male,married,college,self-employed,Dollar,329,757,10/18/2011
449,28,Male,divorced,high school,employed,Naira,770,46,12/21/2010
450,39,Female,married,graduate,unemployed,Rupiah,301,574,5/18/2011
451,51,Female,single,high school,employed,Euro,638,891,11/4/2017
452,21,Male,divorced,college,self-employed,Rupiah,802,817,1/24/2017
453,42,Female,divorced,college,unemployed,Zloty,367,948,2/13/2021
454,78,Male,divorced,college,unemployed,Pound,645,936,12/31/2013
455,75,Female,married,college,employed,Peso,755,471,11/6/2015
456,34,Male,single,high school,self-employed,Rupiah,648,817,1/4/2016
457,77,Bigender,divorced,high school,employed,Rupiah,595,63,11/13/2018
458,74,Male,married,graduate,unemployed,Peso,502,998,6/17/2010
459,29,Female,single,college,unemployed,Yuan Renminbi,757,826,10/9/2019
460,69,Male,divorced,high school,unemployed,Zloty,434,882,3/20/2018
461,36,Male,divorced,graduate,unemployed,Krona,582,539,1/29/2010
462,38,Male,married,graduate,employed,Rupiah,592,882,4/1/2017
463,37,Female,married,high school,employed,Baht,391,855,2/20/2021
464,78,Male,divorced,high school,employed,Peso,786,274,4/1/2011
465,83,Male,married,graduate,unemployed,Peso,459,654,11/25/2015
466,75,Male,married,graduate,self-employed,Krona,720,907,5/15/2018
467,47,Female,divorced,college,employed,Yuan Renminbi,568,10,4/29/2013
468,53,Female,married,college,unemployed,Lev,706,838,10/5/2017
469,43,Female,single,high school,self-employed,Quetzal,606,87,8/19/2017
470,81,Female,married,high school,unemployed,Yuan Renminbi,774,9,11/3/2010
471,34,Male,single,graduate,employed,Euro,737,559,10/12/2014
472,64,Male,divorced,high school,self-employed,Real,326,628,6/20/2016
473,56,Male,single,graduate,self-employed,Pound,816,109,5/8/2016
474,74,Male,divorced,graduate,employed,Zloty,525,924,5/5/2011
475,48,Male,divorced,college,self-employed,Dollar,355,970,9/16/2019
476,30,Male,single,college,unemployed,Dong,480,209,10/3/2020
477,68,Female,divorced,high school,employed,Rupiah,384,157,5/14/2012
478,54,Female,single,graduate,unemployed,Peso,838,943,11/12/2010
479,40,Female,married,high school,self-employed,Peso,766,58,4/2/2017
480,82,Male,divorced,graduate,employed,Ruble,610,529,3/30/2020
481,29,Bigender,divorced,graduate,unemployed,Cordoba,375,762,2/15/2014
482,77,Male,divorced,high school,unemployed,Rupiah,443,308,4/21/2018
483,78,Male,divorced,college,employed,Rupiah,781,187,8/12/2020
484,73,Male,single,graduate,unemployed,Peso,474,553,9/1/2018
485,43,Female,married,high school,self-employed,Boliviano,365,283,12/2/2021
486,25,Female,single,graduate,unemployed,Sol,646,175,2/23/2018
487,19,Non-binary,divorced,high school,employed,Ruble,609,600,10/30/2015
488,48,Male,single,college,employed,Yuan Renminbi,608,488,6/16/2016
489,53,Female,married,college,self-employed,Dollar,334,35,7/2/2022
490,76,Female,married,college,employed,Zloty,406,388,10/20/2016
491,62,Male,single,college,unemployed,Dollar,659,396,9/4/2013
492,30,Female,married,high school,unemployed,Peso,600,3,2/5/2014
493,50,Female,divorced,college,employed,Euro,735,474,5/20/2018
494,36,Agender,single,high school,unemployed,Euro,566,875,12/28/2017
495,49,Bigender,single,high school,self-employed,Krona,378,631,6/26/2018
496,40,Male,single,college,self-employed,Yuan Renminbi,386,169,11/2/2022
497,46,Female,divorced,high school,self-employed,Peso,330,522,2/26/2014
498,45,Female,single,high school,employed,Guarani,499,594,9/19/2019
499,30,Female,single,graduate,employed,Peso,577,18,1/4/2012
500,74,Genderqueer,married,graduate,self-employed,Rupiah,357,929,5/5/2021
501,27,Bigender,single,college,unemployed,Kuna,750,957,12/2/2015
502,25,Female,single,college,employed,Peso,427,825,4/15/2017
503,84,Female,single,graduate,unemployed,Ruble,414,589,9/2/2017
504,29,Agender,divorced,college,self-employed,Rupiah,346,73,3/28/2019
505,36,Female,divorced,college,unemployed,Rupiah,692,576,9/24/2010
506,37,Male,single,high school,self-employed,Ruble,374,166,7/1/2019
507,60,Genderfluid,divorced,high school,self-employed,Krona,535,522,3/26/2020
508,45,Male,single,college,employed,Ruble,529,520,3/30/2012
509,31,Female,divorced,college,employed,Euro,641,563,5/6/2016
510,37,Male,divorced,college,employed,Balboa,527,273,5/19/2017
511,58,Agender,single,graduate,employed,Peso,740,616,7/2/2015
512,27,Female,married,high school,self-employed,Yuan Renminbi,454,367,11/4/2017
513,42,Male,single,high school,self-employed,Ruble,398,138,12/9/2013
514,62,Female,divorced,high school,self-employed,Rupiah,384,671,8/2/2013
515,64,Female,divorced,college,employed,Peso,463,468,5/12/2015
516,54,Male,divorced,graduate,employed,Franc,824,114,6/3/2018
517,80,Genderfluid,single,college,self-employed,Yuan Renminbi,737,675,2/18/2019
518,78,Non-binary,single,college,self-employed,Krona,315,17,8/30/2019
519,28,Female,single,high school,self-employed,Peso,590,971,4/30/2020
520,37,Female,single,graduate,self-employed,Baht,763,721,12/17/2018
521,57,Female,married,college,unemployed,Rupiah,849,48,9/29/2020
522,29,Male,divorced,graduate,self-employed,Euro,764,48,9/2/2014
523,67,Female,married,college,unemployed,Rupiah,397,281,6/11/2021
524,33,Female,divorced,graduate,self-employed,Yuan Renminbi,825,107,10/18/2021
525,52,Male,married,graduate,unemployed,Yuan Renminbi,646,583,11/24/2011
526,67,Female,married,graduate,employed,Peso,353,813,9/24/2019
527,71,Female,divorced,college,self-employed,Real,760,288,4/3/2014
528,39,Male,divorced,graduate,unemployed,Rupiah,452,145,3/31/2013
529,50,Female,single,college,self-employed,Zloty,479,888,4/3/2018
530,61,Female,married,college,employed,Dollar,307,798,8/13/2021
531,22,Female,single,college,employed,Ruble,482,675,7/18/2018
532,22,Male,single,college,unemployed,Zloty,349,935,10/10/2019
533,45,Male,married,college,self-employed,Lira,376,955,6/8/2010
534,58,Male,divorced,graduate,employed,Ruble,556,275,12/6/2014
535,30,Polygender,divorced,high school,employed,Euro,746,564,4/6/2018
536,61,Male,divorced,college,employed,Yuan Renminbi,838,443,11/25/2019
537,69,Female,divorced,college,self-employed,Rand,652,981,11/2/2021
538,49,Female,divorced,college,employed,Euro,374,327,3/2/2014
539,34,Male,divorced,college,unemployed,Peso,587,775,1/11/2012
540,76,Male,single,graduate,employed,Yuan Renminbi,798,529,3/4/2019
541,59,Male,divorced,high school,employed,Dollar,333,80,9/15/2016
542,74,Male,divorced,high school,unemployed,Yuan Renminbi,319,948,7/12/2012
543,62,Non-binary,single,graduate,employed,Rupiah,725,537,12/7/2012
544,48,Male,single,graduate,self-employed,Euro,769,766,4/1/2022
545,21,Male,divorced,college,self-employed,Yuan Renminbi,451,274,3/27/2014
546,45,Male,single,high school,unemployed,Yuan Renminbi,797,821,8/24/2011
547,78,Bigender,married,high school,self-employed,Rupiah,474,825,12/13/2021
548,20,Male,married,college,employed,Euro,587,847,6/11/2017
549,52,Female,divorced,high school,unemployed,Yuan Renminbi,342,250,12/13/2021
550,70,Male,single,high school,employed,Franc,802,159,1/30/2013
551,25,Male,married,high school,unemployed,Yuan Renminbi,795,339,3/28/2011
552,31,Male,married,college,employed,Yuan Renminbi,664,412,11/21/2013
553,58,Female,married,college,unemployed,Dollar,525,197,10/26/2020
554,51,Female,married,graduate,self-employed,Zloty,516,484,9/10/2019
555,75,Genderqueer,married,high school,unemployed,Dollar,614,645,3/26/2022
556,60,Male,divorced,college,self-employed,Rupiah,823,484,6/14/2021
557,28,Female,single,college,unemployed,Euro,757,157,9/7/2014
558,32,Female,married,graduate,employed,Peso,399,161,11/21/2010
559,68,Male,divorced,graduate,self-employed,Dollar,753,773,4/13/2020
560,79,Female,divorced,high school,employed,Euro,378,932,10/1/2013
561,50,Genderqueer,married,high school,employed,Yuan Renminbi,762,906,1/3/2017
562,18,Female,married,high school,self-employed,Yuan Renminbi,845,441,5/23/2015
563,51,Male,married,college,unemployed,Rupiah,749,119,11/24/2021
564,32,Male,divorced,college,unemployed,Afghani,436,262,7/2/2017
565,38,Female,married,college,employed,Sol,660,264,2/23/2020
566,24,Female,divorced,graduate,self-employed,Yuan Renminbi,840,94,1/24/2016
567,62,Male,married,college,self-employed,Ruble,520,947,11/8/2015
568,47,Female,married,college,self-employed,Krona,565,16,12/3/2011
569,46,Male,married,high school,unemployed,Yuan Renminbi,434,172,8/25/2015
570,23,Female,married,high school,employed,Peso,782,85,12/8/2014
571,70,Male,single,college,self-employed,Euro,510,135,6/19/2022
572,35,Female,single,graduate,employed,Ruble,777,912,1/16/2018
573,30,Male,divorced,college,unemployed,Ruble,304,685,11/9/2020
574,67,Female,divorced,graduate,unemployed,Peso,841,764,12/14/2011
575,56,Agender,married,high school,employed,Sol,518,235,11/3/2022
576,19,Male,married,graduate,self-employed,Yuan Renminbi,482,833,4/6/2011
577,20,Male,divorced,high school,employed,Dollar,355,884,5/5/2011
578,50,Female,single,college,unemployed,Sol,368,600,11/15/2016
579,63,Genderqueer,married,graduate,self-employed,Rupiah,381,248,7/19/2017
580,85,Female,divorced,graduate,self-employed,Manat,676,490,7/23/2015
581,81,Female,married,graduate,self-employed,Euro,844,325,10/7/2010
582,25,Male,single,high school,unemployed,Dinar,828,70,9/29/2015
583,60,Female,single,college,employed,Yuan Renminbi,440,5,1/2/2020
584,38,Male,divorced,college,self-employed,Rupiah,629,304,3/16/2016
585,82,Female,divorced,college,unemployed,Afghani,323,895,9/13/2012
586,25,Genderqueer,single,college,self-employed,Zloty,405,36,10/29/2016
587,84,Male,single,high school,employed,Euro,700,528,4/16/2017
588,33,Female,divorced,graduate,employed,Yuan Renminbi,844,107,3/8/2022
589,56,Male,single,college,unemployed,Dram,612,591,6/23/2019
590,76,Male,divorced,college,self-employed,Rupiah,414,848,6/18/2018
591,52,Female,married,college,unemployed,Dollar,538,373,6/25/2010
592,78,Female,divorced,college,self-employed,Zloty,679,777,8/20/2014
593,73,Male,divorced,high school,unemployed,Yuan Renminbi,804,992,5/15/2011
594,74,Male,single,graduate,self-employed,Peso,814,291,3/16/2021
595,21,Male,married,graduate,self-employed,Krona,481,87,5/5/2015
596,69,Male,married,college,employed,Euro,447,123,8/16/2011
597,23,Male,married,college,self-employed,Yuan Renminbi,705,303,4/6/2014
598,82,Female,single,college,employed,Yuan Renminbi,356,625,3/26/2014
599,59,Female,divorced,college,employed,Yuan Renminbi,688,876,12/16/2020
600,69,Female,single,graduate,unemployed,Kuna,359,160,8/18/2014
601,54,Bigender,divorced,graduate,employed,Peso,831,938,8/30/2019
602,59,Male,divorced,college,self-employed,Shilling,658,852,3/29/2016
603,37,Female,married,high school,employed,Krona,307,631,9/23/2015
604,32,Male,single,college,employed,Euro,310,534,7/22/2018
605,72,Male,married,college,unemployed,Dollar,718,500,10/1/2013
606,66,Female,divorced,graduate,self-employed,Pound,481,453,9/29/2010
607,25,Bigender,married,college,unemployed,Rupiah,687,694,12/13/2021
608,51,Male,divorced,college,employed,Euro,414,985,2/26/2021
609,61,Female,single,college,unemployed,Yuan Renminbi,494,254,9/15/2018
610,29,Female,married,college,unemployed,Ruble,833,942,7/8/2020
611,48,Male,married,college,unemployed,Rupiah,663,717,12/16/2012
612,23,Male,single,graduate,unemployed,Yuan Renminbi,826,776,10/15/2018
613,43,Male,divorced,graduate,employed,Euro,571,361,8/13/2017
614,42,Genderqueer,divorced,college,unemployed,Litas,392,144,11/4/2022
615,35,Female,single,graduate,employed,Peso,401,690,8/31/2010
616,59,Male,married,college,unemployed,Euro,827,326,10/27/2014
617,48,Female,divorced,high school,unemployed,Euro,708,351,4/10/2016
618,76,Male,married,high school,employed,Yuan Renminbi,480,789,6/12/2016
619,68,Genderqueer,married,high school,unemployed,Yuan Renminbi,680,680,11/29/2015
620,33,Female,married,graduate,self-employed,Rupiah,584,224,10/11/2013
621,67,Male,single,high school,employed,Euro,442,736,8/30/2012
622,44,Genderqueer,divorced,college,unemployed,Peso,531,947,7/21/2011
623,85,Female,divorced,graduate,unemployed,Yuan Renminbi,572,908,5/28/2016
624,60,Male,divorced,graduate,unemployed,Dinar,485,323,10/1/2020
625,49,Female,divorced,graduate,self-employed,Euro,757,961,11/14/2011
626,72,Male,married,college,self-employed,Rupiah,325,915,11/14/2019
627,60,Male,married,college,employed,Ruble,724,916,10/21/2012
628,69,Female,divorced,college,self-employed,Hryvnia,764,231,5/20/2021
629,67,Male,divorced,high school,employed,Dollar,456,99,7/20/2018
630,75,Male,married,college,self-employed,Hryvnia,703,189,6/7/2022
631,51,Genderfluid,married,college,unemployed,Ruble,336,932,2/21/2013
632,37,Male,divorced,college,employed,Dollar,433,923,8/17/2019
633,50,Male,married,high school,employed,Peso,737,682,3/20/2021
634,66,Male,divorced,graduate,unemployed,Boliviano,684,618,4/1/2022
635,27,Male,divorced,high school,employed,Rupiah,302,925,11/21/2018
636,41,Male,divorced,high school,unemployed,Ringgit,493,336,8/19/2011
637,46,Female,single,college,employed,Euro,415,119,1/17/2020
638,82,Male,divorced,graduate,unemployed,Yuan Renminbi,588,459,11/6/2020
639,27,Male,divorced,college,unemployed,Tugrik,457,449,9/11/2022
640,53,Female,married,graduate,self-employed,Peso,344,896,9/27/2017
641,28,Female,divorced,graduate,self-employed,Euro,317,727,4/29/2022
642,30,Male,married,college,self-employed,Euro,432,449,4/13/2017
643,52,Male,single,graduate,unemployed,Yen,482,205,9/2/2014
644,52,Male,divorced,college,employed,Zloty,707,382,4/15/2014
645,81,Male,married,high school,employed,Som,409,227,3/1/2010
646,67,Male,married,high school,self-employed,Peso,471,783,5/27/2018
647,56,Male,single,graduate,unemployed,Manat,822,196,11/13/2014
648,56,Bigender,married,graduate,self-employed,Rupiah,502,480,8/8/2022
649,35,Female,divorced,high school,self-employed,Ruble,541,412,4/20/2020
650,51,Female,married,high school,employed,Sol,826,543,4/27/2013
651,45,Male,single,college,unemployed,Dirham,805,890,2/22/2016
652,46,Male,divorced,college,unemployed,Tenge,784,198,1/20/2014
653,44,Male,divorced,college,unemployed,Peso,330,278,11/23/2017
654,44,Male,married,high school,employed,Koruna,329,598,6/18/2022
655,34,Female,single,high school,employed,Koruna,684,100,3/1/2019
656,72,Male,single,high school,self-employed,Peso,460,971,3/20/2011
657,85,Bigender,married,college,employed,Sol,782,316,1/26/2019
658,25,Male,married,college,self-employed,Real,685,943,11/11/2020
659,78,Male,divorced,graduate,unemployed,Dong,495,45,5/26/2018
660,46,Male,single,graduate,employed,Peso,412,841,8/24/2022
661,43,Male,married,high school,employed,Dram,743,609,1/20/2014
662,18,Female,single,high school,employed,Som,320,609,6/8/2014
663,52,Male,married,graduate,unemployed,Yuan Renminbi,409,730,1/31/2020
664,81,Non-binary,single,college,unemployed,Ariary,650,666,2/10/2016
665,54,Male,married,college,unemployed,Yuan Renminbi,375,283,9/1/2014
666,64,Male,divorced,graduate,self-employed,Som,321,7,3/3/2014
667,25,Female,single,graduate,employed,Pound,432,779,2/4/2012
668,34,Female,single,high school,unemployed,Yuan Renminbi,730,860,5/13/2018
669,37,Male,divorced,graduate,employed,Yen,483,689,1/18/2019
670,85,Female,divorced,high school,self-employed,Euro,636,163,2/3/2018
671,42,Female,single,college,employed,Rand,573,964,3/9/2014
672,69,Male,divorced,high school,self-employed,Won,593,624,8/31/2011
673,58,Male,single,high school,unemployed,Peso,634,291,8/30/2011
674,59,Agender,married,graduate,employed,Pound,566,952,3/6/2021
675,80,Male,divorced,graduate,self-employed,Rupiah,526,139,9/13/2010
676,80,Female,married,high school,self-employed,Peso,318,324,12/2/2018
677,32,Bigender,married,graduate,employed,Yuan Renminbi,538,11,5/16/2014
678,60,Female,married,college,unemployed,Balboa,794,832,3/2/2010
679,48,Male,divorced,graduate,self-employed,Quetzal,374,909,12/26/2010
680,51,Male,married,graduate,self-employed,Rupee,352,354,1/22/2012
681,48,Female,divorced,college,employed,Sol,579,215,3/21/2019
682,78,Female,divorced,graduate,employed,Rupiah,758,20,5/23/2017
683,53,Genderfluid,married,graduate,employed,Yuan Renminbi,336,304,2/14/2021
684,52,Male,single,college,employed,Dollar,457,977,7/28/2021
685,40,Non-binary,single,high school,employed,Real,517,266,1/8/2016
686,20,Female,married,high school,employed,Yuan Renminbi,651,585,4/21/2014
687,66,Male,single,graduate,unemployed,Peso,305,601,8/30/2013
688,82,Female,divorced,high school,unemployed,Rupiah,319,443,12/20/2012
689,64,Polygender,single,high school,self-employed,Ruble,813,475,1/21/2010
690,23,Male,single,college,self-employed,Leu,699,320,6/4/2012
691,68,Male,single,college,unemployed,Naira,435,894,11/28/2017
692,29,Male,divorced,college,unemployed,Sol,468,152,8/9/2019
693,27,Female,married,high school,unemployed,Dollar,550,159,7/11/2010
694,44,Female,single,graduate,unemployed,Yuan Renminbi,797,696,6/6/2013
695,33,Male,single,graduate,unemployed,Dollar,640,212,11/16/2012
696,56,Female,single,college,self-employed,Dong,376,293,11/5/2014
697,34,Female,divorced,graduate,self-employed,Krona,436,829,12/6/2017
698,31,Male,married,graduate,unemployed,Euro,538,624,8/28/2015
699,47,Female,married,high school,unemployed,Dollar,605,329,12/25/2020
700,82,Female,married,graduate,self-employed,Rupee,388,680,6/29/2019
701,55,Female,divorced,graduate,unemployed,Dollar,565,787,1/27/2020
702,45,Female,single,graduate,employed,Yuan Renminbi,465,279,10/26/2014
703,31,Male,single,graduate,unemployed,Real,413,988,5/3/2016
704,38,Female,married,college,employed,Dollar,691,988,2/6/2018
705,66,Male,divorced,college,employed,Euro,463,584,7/14/2014
706,80,Male,married,high school,self-employed,Dram,335,450,11/12/2022
707,23,Female,married,college,unemployed,Lilangeni,753,229,11/24/2017
708,27,Female,married,high school,employed,Somoni,471,190,10/6/2010
709,83,Male,married,college,unemployed,Rupiah,501,708,10/31/2012
710,72,Male,single,college,self-employed,Ruble,617,943,11/29/2010
711,73,Non-binary,single,high school,unemployed,Koruna,319,913,2/7/2020
712,61,Female,single,college,self-employed,Yuan Renminbi,816,421,1/18/2022
713,33,Male,divorced,graduate,unemployed,Yuan Renminbi,450,155,2/12/2018
714,78,Female,single,college,employed,Euro,419,759,7/14/2017
715,50,Female,divorced,graduate,self-employed,Ruble,774,93,8/11/2020
716,62,Bigender,divorced,high school,unemployed,Rupiah,704,824,11/2/2012
717,63,Female,married,high school,unemployed,Peso,811,523,8/21/2010
718,58,Male,married,college,unemployed,Yuan Renminbi,648,959,12/14/2021
719,85,Male,divorced,college,self-employed,Real,794,778,9/4/2020
720,35,Male,divorced,graduate,employed,Yuan Renminbi,834,752,5/19/2020
721,45,Agender,single,high school,employed,Zloty,438,769,7/25/2015
722,68,Genderfluid,married,graduate,employed,Yuan Renminbi,366,323,9/18/2010
723,59,Female,divorced,college,unemployed,Rupiah,330,356,3/21/2010
724,32,Female,divorced,graduate,self-employed,Yuan Renminbi,554,19,3/24/2017
725,39,Male,married,graduate,self-employed,Rupiah,386,498,6/18/2015
726,21,Female,divorced,college,employed,Rupiah,474,504,5/14/2011
727,44,Female,single,graduate,self-employed,Dinar,706,267,5/15/2011
728,75,Female,married,graduate,employed,Rupiah,777,247,1/18/2022
729,56,Female,single,college,employed,Real,388,526,8/24/2018
730,66,Female,single,graduate,unemployed,Yuan Renminbi,539,217,4/9/2018
731,23,Male,single,graduate,employed,Koruna,640,696,1/8/2013
732,54,Female,married,high school,unemployed,Zloty,509,345,1/23/2012
733,51,Male,married,college,employed,Euro,785,86,8/3/2022
734,49,Female,single,graduate,employed,Franc,693,296,11/19/2020
735,47,Female,single,graduate,employed,Yuan Renminbi,383,880,10/20/2012
736,75,Female,single,graduate,self-employed,Yuan Renminbi,840,45,4/9/2013
737,43,Female,single,college,unemployed,Yuan Renminbi,500,190,11/5/2021
738,79,Male,married,college,unemployed,Rial,748,881,12/25/2011
739,84,Agender,divorced,college,self-employed,Yuan Renminbi,397,562,9/8/2021
740,55,Female,divorced,college,self-employed,Rupiah,469,6,4/14/2013
741,64,Female,married,high school,self-employed,Yuan Renminbi,414,621,2/11/2017
742,73,Female,married,graduate,self-employed,Yuan Renminbi,681,397,4/27/2017
743,75,Female,divorced,high school,unemployed,Rupiah,593,652,9/4/2012
744,37,Agender,married,high school,self-employed,Ruble,309,296,1/5/2010
745,53,Female,married,high school,employed,Yuan Renminbi,850,328,11/19/2018
746,24,Female,single,graduate,unemployed,Euro,789,290,8/12/2015
747,53,Male,married,graduate,employed,Rupiah,575,763,11/27/2021
748,26,Female,married,college,unemployed,Pula,682,712,2/13/2018
749,38,Female,single,high school,unemployed,Rupiah,583,951,5/22/2017
750,41,Female,married,high school,employed,Peso,788,601,5/17/2019
751,36,Female,married,graduate,unemployed,Dollar,500,819,6/28/2013
752,44,Male,divorced,graduate,unemployed,Yuan Renminbi,322,219,8/1/2016
753,35,Female,single,college,employed,Yuan Renminbi,711,689,1/6/2022
754,45,Polygender,divorced,high school,employed,Euro,772,135,12/15/2021
755,39,Male,single,college,self-employed,Rial,571,777,9/23/2019
756,18,Female,single,high school,self-employed,Rupiah,546,461,6/26/2010
757,26,Male,married,college,employed,Peso,720,437,3/18/2021
758,42,Male,divorced,graduate,unemployed,Euro,711,614,11/27/2019
759,71,Female,divorced,graduate,unemployed,Ruble,310,102,3/5/2011
760,42,Female,divorced,college,unemployed,Euro,457,732,4/16/2020
761,42,Female,single,graduate,unemployed,Rupiah,586,1,12/26/2015
762,46,Male,single,graduate,unemployed,Riels,503,673,5/21/2010
763,20,Male,married,college,self-employed,Rupiah,718,494,12/5/2015
764,73,Non-binary,married,graduate,self-employed,Shekel,359,409,7/17/2013
765,32,Female,single,high school,unemployed,Ruble,307,588,4/19/2011
766,60,Male,single,high school,self-employed,Yuan Renminbi,546,559,3/11/2022
767,60,Female,divorced,high school,employed,Franc,735,511,2/12/2022
768,29,Female,divorced,college,unemployed,Escudo,313,23,7/7/2020
769,56,Female,single,graduate,employed,Dollar,759,537,10/25/2015
770,46,Male,divorced,graduate,employed,Krona,527,311,3/12/2014
771,35,Female,single,college,employed,Yuan Renminbi,359,633,10/4/2020
772,79,Male,married,high school,unemployed,Escudo,803,254,11/24/2020
773,77,Polygender,divorced,college,employed,Zloty,363,31,6/8/2010
774,66,Male,divorced,high school,self-employed,Yuan Renminbi,769,961,10/9/2021
775,21,Male,single,graduate,self-employed,Krona,559,497,4/13/2010
776,61,Female,divorced,high school,unemployed,Krona,339,492,1/30/2021
777,38,Female,divorced,graduate,employed,Yuan Renminbi,619,310,9/20/2020
778,85,Female,married,graduate,employed,Sol,535,916,12/4/2011
779,69,Female,divorced,high school,employed,Euro,581,329,6/28/2015
780,84,Female,single,graduate,employed,Euro,772,512,8/13/2022
781,67,Male,single,college,unemployed,Dong,366,773,2/11/2012
782,82,Agender,married,college,self-employed,Yuan Renminbi,470,456,10/30/2011
783,34,Male,single,high school,unemployed,Yuan Renminbi,840,812,9/21/2011
784,51,Female,divorced,graduate,self-employed,Real,830,736,8/25/2016
785,43,Male,single,graduate,self-employed,Yuan Renminbi,342,799,5/30/2016
786,59,Female,single,graduate,self-employed,Dollar,841,459,11/19/2017
787,63,Female,divorced,high school,unemployed,Yuan Renminbi,522,61,3/4/2022
788,45,Female,married,graduate,employed,Koruna,689,412,3/25/2021
789,46,Male,divorced,high school,unemployed,Rupiah,543,292,12/23/2013
790,63,Polygender,married,college,self-employed,Euro,669,415,3/14/2010
791,74,Female,single,high school,employed,Ruble,466,684,1/29/2022
792,82,Male,divorced,graduate,unemployed,Yuan Renminbi,564,86,8/8/2015
793,81,Female,married,college,unemployed,Peso,515,960,11/16/2017
794,40,Female,single,college,self-employed,Euro,764,775,12/26/2018
795,58,Female,married,college,unemployed,Euro,629,857,5/23/2019
796,58,Female,divorced,graduate,self-employed,Yuan Renminbi,449,30,1/16/2010
797,27,Male,married,graduate,employed,Hryvnia,813,42,5/17/2011
798,27,Male,single,graduate,unemployed,Rupiah,780,78,7/30/2017
799,84,Male,married,high school,self-employed,Yuan Renminbi,314,357,1/29/2015
800,38,Female,married,graduate,unemployed,Yuan Renminbi,811,704,4/3/2015
801,83,Female,married,graduate,employed,Rupee,453,327,10/17/2018
802,35,Male,divorced,graduate,unemployed,Euro,422,559,10/16/2014
803,57,Male,single,graduate,unemployed,Rupiah,806,171,6/30/2012
804,28,Female,divorced,college,unemployed,Rupee,662,102,4/11/2021
805,79,Female,single,college,unemployed,Krona,503,646,9/3/2011
806,78,Male,divorced,graduate,self-employed,Real,341,460,5/21/2022
807,40,Female,divorced,graduate,employed,Euro,300,467,1/7/2019
808,78,Male,single,college,self-employed,Peso,796,411,8/9/2013
809,71,Male,married,high school,employed,Baht,813,436,8/11/2010
810,49,Genderfluid,married,graduate,self-employed,Yuan Renminbi,534,771,11/21/2018
811,77,Female,married,graduate,employed,Rupiah,461,142,3/20/2021
812,48,Female,divorced,graduate,self-employed,Rupiah,688,488,11/21/2022
813,81,Male,married,high school,self-employed,Peso,317,917,4/10/2020
814,64,Male,divorced,high school,employed,Rupiah,551,675,10/12/2016
815,73,Female,single,college,unemployed,Euro,707,765,3/12/2022
816,76,Female,single,college,employed,Yuan Renminbi,384,309,1/13/2017
817,28,Male,married,high school,unemployed,Hryvnia,715,18,2/10/2013
818,84,Male,divorced,high school,self-employed,Franc,486,911,10/3/2012
819,71,Male,married,college,unemployed,Franc,560,226,4/2/2018
820,32,Male,single,high school,employed,Real,489,881,10/17/2014
821,67,Female,divorced,college,self-employed,Peso,624,615,11/16/2018
822,72,Non-binary,divorced,graduate,employed,Ruble,492,312,2/27/2017
823,55,Female,married,graduate,employed,Peso,649,217,11/4/2022
824,30,Male,single,graduate,unemployed,Koruna,536,194,12/30/2017
825,40,Female,divorced,college,self-employed,Kuna,420,116,1/13/2012
826,50,Female,single,high school,unemployed,Rupiah,473,356,12/21/2022
827,29,Male,single,graduate,unemployed,Franc,756,793,12/11/2017
828,48,Female,divorced,college,unemployed,Real,435,401,2/14/2021
829,33,Female,married,college,self-employed,Euro,308,95,1/8/2012
830,25,Male,single,graduate,unemployed,Peso,725,331,2/11/2022
831,45,Female,married,college,unemployed,Peso,705,431,7/10/2019
832,71,Female,single,college,unemployed,Euro,842,867,3/18/2015
833,19,Male,married,college,self-employed,Sol,710,536,6/15/2017
834,48,Female,single,college,unemployed,Som,351,640,11/14/2019
835,40,Female,divorced,high school,employed,Naira,617,774,3/6/2020
836,22,Genderqueer,divorced,college,employed,Pound,550,228,12/23/2013
837,40,Male,single,graduate,self-employed,Lari,633,256,7/2/2012
838,77,Female,single,college,self-employed,Ruble,313,680,7/15/2013
839,21,Female,married,college,self-employed,Euro,357,427,4/18/2016
840,62,Male,divorced,college,self-employed,Yuan Renminbi,388,503,9/25/2022
841,67,Female,divorced,graduate,self-employed,Yuan Renminbi,726,844,11/5/2013
842,80,Female,single,graduate,self-employed,Yuan Renminbi,673,655,2/22/2015
843,53,Male,married,college,employed,Dollar,543,498,10/22/2019
844,32,Male,single,college,self-employed,Hryvnia,843,339,11/7/2010
845,30,Male,divorced,high school,self-employed,Peso,841,206,12/1/2011
846,52,Male,married,graduate,employed,Rupiah,614,810,7/17/2021
847,54,Agender,single,college,employed,Marka,491,72,10/19/2010
848,53,Male,married,high school,unemployed,Rupee,822,36,12/20/2020
849,32,Female,divorced,college,unemployed,Yuan Renminbi,724,273,2/17/2010
850,35,Male,single,high school,unemployed,Euro,610,256,3/13/2017
851,81,Male,married,high school,self-employed,Real,415,379,12/9/2017
852,74,Female,divorced,high school,unemployed,Rupee,400,858,11/5/2021
853,75,Female,married,high school,self-employed,Yuan Renminbi,393,745,11/20/2015
854,27,Genderqueer,single,college,employed,Hryvnia,328,888,4/19/2011
855,27,Female,divorced,graduate,employed,Sol,654,645,9/6/2015
856,49,Female,married,graduate,employed,Rupiah,611,771,6/18/2012
857,27,Male,single,graduate,employed,Ringgit,847,650,3/29/2019
858,56,Male,married,high school,self-employed,Rupiah,812,371,3/21/2017
859,73,Female,single,high school,unemployed,Euro,339,242,1/14/2014
860,47,Female,married,college,unemployed,Ruble,353,293,3/11/2019
861,76,Female,single,high school,self-employed,Krona,774,346,5/9/2019
862,36,Male,married,graduate,self-employed,Real,423,93,9/1/2020
863,70,Male,divorced,graduate,unemployed,Euro,380,890,10/16/2012
864,55,Female,single,graduate,employed,Yuan Renminbi,432,512,9/22/2019
865,82,Male,divorced,high school,employed,Yuan Renminbi,525,898,4/18/2014
866,44,Female,married,college,self-employed,Euro,833,597,10/13/2012
867,23,Female,single,high school,employed,Yuan Renminbi,430,548,2/8/2017
868,60,Male,married,high school,unemployed,Yuan Renminbi,698,275,12/22/2015
869,69,Genderfluid,divorced,college,unemployed,Pula,710,103,9/10/2018
870,37,Female,single,college,self-employed,Dollar,651,457,5/21/2015
871,49,Female,divorced,graduate,unemployed,Koruna,567,931,8/1/2017
872,82,Female,single,graduate,unemployed,Yuan Renminbi,801,582,12/11/2015
873,38,Female,married,graduate,employed,Yuan Renminbi,818,58,10/24/2019
874,81,Male,married,high school,unemployed,Zloty,370,747,5/25/2012
875,58,Female,married,graduate,self-employed,Lempira,684,834,2/7/2022
876,27,Female,single,high school,employed,Yuan Renminbi,303,534,10/15/2017
877,61,Female,divorced,high school,unemployed,Zloty,669,453,12/25/2017
878,82,Female,divorced,graduate,unemployed,Yuan Renminbi,579,754,1/21/2022
879,81,Agender,divorced,graduate,unemployed,Yuan Renminbi,835,739,7/8/2021
880,47,Female,single,graduate,employed,Rial,301,765,5/13/2010
881,49,Female,divorced,college,self-employed,Koruna,719,711,3/3/2014
882,69,Female,married,graduate,employed,Zloty,650,428,8/7/2022
883,82,Female,married,graduate,unemployed,Rupiah,583,3,6/26/2015
884,18,Female,divorced,high school,self-employed,Yuan Renminbi,544,603,9/2/2014
885,60,Female,married,high school,employed,Euro,476,256,4/15/2022
886,27,Female,divorced,graduate,self-employed,Yuan Renminbi,356,80,9/6/2010
887,66,Male,married,graduate,unemployed,Yuan Renminbi,653,721,5/17/2014
888,27,Female,divorced,college,employed,Peso,431,675,2/4/2018
889,66,Non-binary,single,graduate,employed,Euro,757,532,10/31/2011
890,72,Male,single,graduate,employed,Real,342,41,7/8/2010
891,78,Female,single,high school,employed,Yuan Renminbi,626,799,2/17/2012
892,80,Female,divorced,graduate,unemployed,Yuan Renminbi,767,361,11/29/2020
893,64,Female,married,college,employed,Real,441,797,3/3/2021
894,81,Male,married,college,self-employed,Koruna,666,213,1/12/2020
895,46,Genderqueer,married,graduate,unemployed,Peso,756,230,6/24/2015
896,63,Female,divorced,graduate,employed,Denar,438,852,3/31/2022
897,66,Female,divorced,college,employed,Rupiah,563,33,7/31/2016
898,54,Female,single,high school,employed,Lev,531,43,4/28/2018
899,75,Male,divorced,high school,employed,Dalasi,711,973,10/2/2017
900,53,Female,divorced,high school,unemployed,Baht,823,471,7/7/2021
901,83,Female,divorced,college,self-employed,Euro,563,605,11/20/2010
902,65,Male,single,high school,employed,Naira,311,130,3/1/2020
903,71,Male,married,college,unemployed,Pound,695,420,5/25/2013
904,61,Male,divorced,graduate,employed,Yuan Renminbi,683,512,6/17/2010
905,45,Female,divorced,college,employed,Ruble,479,442,12/9/2013
906,34,Female,divorced,college,unemployed,Rupiah,572,114,3/2/2010
907,66,Female,single,college,self-employed,Euro,797,95,11/22/2016
908,73,Male,divorced,college,employed,Euro,728,475,10/13/2019
909,69,Male,married,graduate,self-employed,Yuan Renminbi,495,712,11/7/2010
910,85,Female,divorced,college,employed,Yuan Renminbi,528,751,11/8/2020
911,48,Male,single,college,unemployed,Kyat,333,137,11/14/2018
912,48,Female,single,graduate,employed,Rupiah,498,801,10/27/2010
913,51,Male,single,college,employed,Yuan Renminbi,770,833,8/31/2016
914,58,Male,married,graduate,self-employed,Yuan Renminbi,822,804,8/5/2018
915,69,Male,married,graduate,unemployed,Rupee,743,235,7/15/2011
916,65,Male,single,high school,employed,Sol,356,801,5/30/2018
917,71,Male,single,college,unemployed,Real,625,560,10/15/2012
918,20,Male,married,graduate,unemployed,Real,632,803,9/25/2021
919,81,Polygender,divorced,college,self-employed,Yuan Renminbi,638,744,11/16/2019
920,71,Female,divorced,college,employed,Rupiah,473,631,9/8/2021
921,81,Male,married,college,employed,Yuan Renminbi,667,458,9/14/2010
922,35,Male,divorced,high school,self-employed,Yuan Renminbi,821,342,12/13/2010
923,72,Genderqueer,divorced,graduate,employed,Yuan Renminbi,415,616,6/22/2020
924,20,Female,married,graduate,unemployed,Tugrik,442,304,9/14/2013
925,75,Genderfluid,divorced,graduate,employed,Euro,425,347,4/4/2012
926,77,Male,divorced,college,employed,Koruna,492,772,2/17/2022
927,20,Male,divorced,high school,unemployed,Rial,328,251,12/26/2020
928,77,Female,single,high school,unemployed,Franc,772,696,3/25/2014
929,54,Female,divorced,high school,self-employed,Euro,591,29,6/2/2012
930,64,Male,divorced,high school,employed,Peso,329,991,8/5/2018
931,78,Female,married,college,self-employed,Yuan Renminbi,821,779,10/26/2018
932,43,Male,married,high school,self-employed,Euro,376,234,7/15/2016
933,41,Female,single,college,self-employed,Balboa,532,648,12/4/2012
934,44,Female,divorced,high school,unemployed,Peso,558,980,4/6/2014
935,28,Female,single,college,unemployed,Dinar,469,60,4/28/2014
936,19,Male,married,graduate,self-employed,Rupiah,473,692,11/30/2017
937,53,Male,married,graduate,employed,Dollar,451,896,10/16/2020
938,42,Female,married,high school,employed,Real,816,84,10/7/2017
939,41,Female,married,graduate,unemployed,Krona,773,338,3/27/2015
940,42,Male,single,college,self-employed,Zloty,364,795,12/12/2017
941,82,Male,married,high school,self-employed,Rupiah,398,637,4/20/2010
942,81,Female,single,college,employed,Marka,521,553,9/25/2010
943,51,Male,married,college,unemployed,Yuan Renminbi,829,381,7/2/2019
944,54,Male,single,high school,unemployed,Zloty,716,997,12/17/2018
945,42,Female,divorced,graduate,employed,Som,654,59,1/6/2013
946,20,Polygender,single,graduate,unemployed,Yuan Renminbi,315,217,11/17/2020
947,66,Non-binary,divorced,college,self-employed,Euro,326,448,11/10/2022
948,45,Female,single,college,unemployed,Ruble,473,680,11/15/2011
949,85,Male,single,graduate,employed,Euro,401,231,10/21/2020
950,26,Female,married,high school,employed,Yuan Renminbi,367,746,12/15/2013
951,42,Genderfluid,single,graduate,unemployed,Koruna,692,242,8/3/2022
952,25,Male,married,college,employed,Dollar,705,299,2/29/2012
953,27,Male,married,graduate,unemployed,Real,734,935,4/24/2021
954,32,Female,single,college,employed,Yuan Renminbi,600,318,6/27/2017
955,50,Male,divorced,graduate,unemployed,Yuan Renminbi,351,400,1/8/2020
956,52,Female,married,graduate,self-employed,Gourde,388,22,4/18/2017
957,72,Male,single,high school,employed,Euro,427,217,9/18/2010
958,84,Female,married,high school,self-employed,Peso,394,450,11/21/2022
959,54,Female,single,college,unemployed,Krona,768,533,6/28/2020
960,40,Male,married,high school,unemployed,Ruble,611,186,7/3/2017
961,71,Female,single,graduate,self-employed,Euro,388,51,8/8/2014
962,41,Male,divorced,high school,self-employed,Dram,730,117,8/19/2021
963,69,Female,divorced,high school,self-employed,Ruble,388,60,3/11/2019
964,79,Non-binary,divorced,graduate,unemployed,Yuan Renminbi,757,958,12/2/2017
965,27,Female,single,high school,employed,Zloty,344,897,9/8/2022
966,25,Female,single,high school,self-employed,Dollar,548,362,11/17/2011
967,63,Female,single,graduate,unemployed,Yuan Renminbi,735,294,5/14/2016
968,85,Female,single,high school,self-employed,Ruble,783,567,8/6/2014
969,37,Male,married,high school,self-employed,Yuan Renminbi,800,343,3/17/2019
970,58,Male,married,high school,employed,Rupiah,677,279,2/5/2019
971,76,Female,divorced,graduate,self-employed,Taka,492,396,8/29/2020
972,36,Female,married,graduate,employed,Yuan Renminbi,705,972,4/17/2017
973,77,Male,married,college,unemployed,Euro,473,777,6/15/2010
974,34,Male,single,graduate,employed,Franc,703,349,3/2/2015
975,33,Female,married,college,employed,Baht,580,464,5/9/2021
976,85,Female,married,high school,self-employed,Euro,753,602,6/12/2021
977,49,Male,married,graduate,self-employed,Franc,619,340,1/25/2019
978,30,Male,married,graduate,self-employed,Yuan Renminbi,786,829,4/27/2012
979,58,Male,divorced,graduate,self-employed,Ruble,531,172,2/19/2020
980,53,Male,divorced,high school,unemployed,Yuan Renminbi,635,604,8/6/2010
981,32,Female,married,high school,employed,Rupiah,511,980,12/29/2018
982,64,Female,single,college,unemployed,Euro,718,484,10/12/2017
983,48,Female,married,graduate,unemployed,Real,818,871,3/12/2019
984,25,Female,divorced,college,self-employed,Boliviano,827,95,6/20/2019
985,35,Male,single,high school,self-employed,Euro,331,788,5/12/2014
986,52,Female,divorced,high school,unemployed,Hryvnia,723,91,8/12/2020
987,78,Female,single,high school,employed,Ruble,449,668,9/26/2022
988,24,Female,married,college,self-employed,Euro,827,568,2/11/2019
989,44,Male,divorced,college,self-employed,Rupee,507,314,4/4/2010
990,26,Male,divorced,college,self-employed,Sol,354,447,5/9/2019
991,63,Male,married,college,employed,Dollar,310,740,2/26/2022
992,27,Male,divorced,college,self-employed,Euro,755,744,10/8/2020
993,72,Male,married,graduate,unemployed,Shekel,798,538,8/13/2015
994,67,Genderqueer,divorced,graduate,unemployed,Rupiah,308,252,10/12/2011
995,26,Female,married,graduate,employed,Rupiah,537,753,7/20/2012
996,48,Male,divorced,college,unemployed,Dong,671,833,5/15/2014
997,28,Male,married,high school,unemployed,Yuan Renminbi,708,954,5/16/2021
998,65,Male,single,college,employed,Yuan Renminbi,731,795,11/4/2020
999,69,Female,single,college,unemployed,Leu,655,20,7/2/2011
1000,85,Genderfluid,married,high school,self-employed,Krona,820,799,11/10/2018
